{
  "NBEATS": {
    "input_chunk_length": 30,
    "n_epochs": 200,
    "batch_size": 128,
    "lr": 0.0006378914480933063,
    "dropout": 0.21019293238939163,
    "use_weight_decay": false,
    "weight_decay": 0.00075161126047098,
    "model_kwargs": {
      "num_stacks": 11,
      "num_blocks": 1,
      "num_layers": 5,
      "layer_widths": 1024
    }
  }
}
